user_id,signup_date,target_exam,engagement_level,_skill_quant,_skill_lr,_skill_va,_skill_di
U00001,2026-04-17,Placements,medium,0.346,0.789,0.555,0.742
U00002,2025-10-13,Placements,medium,0.762,0.521,0.554,0.554
U00003,2025-09-05,CAT,medium,0.45,0.592,0.403,0.523
U00004,2025-09-04,CAT,low,0.814,0.747,0.314,0.541
U00005,2025-09-04,CAT,low,0.938,0.455,0.468,0.866
U00006,2026-05-30,SSC,medium,0.687,0.507,0.519,0.405
U00007,2026-03-16,CAT,high,0.351,0.625,0.578,0.746
U00008,2026-02-12,CAT,low,0.333,0.872,0.855,0.556
U00009,2026-01-30,CAT,medium,0.586,0.889,0.533,0.265
U00010,2026-01-03,Placements,low,0.812,0.663,0.523,0.724
U00011,2025-12-28,CAT,medium,0.454,0.514,0.649,0.647
U00012,2026-05-30,CAT,low,0.485,0.656,0.298,0.677
U00013,2025-09-13,CAT,low,0.347,0.595,0.751,0.329
U00014,2025-09-04,SSC,low,0.374,0.33,0.423,0.404
U00015,2026-02-06,CAT,medium,0.626,0.696,0.275,0.505
U00016,2026-05-10,Banking,high,0.379,0.355,0.268,0.254
U00017,2026-03-30,CAT,high,0.62,0.361,0.342,0.593
U00018,2026-05-21,CAT,medium,0.35,0.216,0.66,0.21
U00019,2026-06-02,CAT,medium,0.499,0.658,0.367,0.787
U00020,2025-06-25,CAT,high,0.699,0.709,0.1,0.95
U00021,2026-07-05,CAT,high,0.49,0.934,0.782,0.929
U00022,2025-10-21,Placements,low,0.362,0.502,0.714,0.607
U00023,2025-08-05,Placements,low,0.76,0.757,0.738,0.603
U00024,2025-09-15,CAT,high,0.552,0.752,0.719,0.389
U00025,2025-09-13,Placements,medium,0.429,0.713,0.679,0.475
U00026,2026-03-08,CAT,low,0.904,0.596,0.665,0.34
U00027,2025-07-20,CAT,medium,0.39,0.629,0.622,0.497
U00028,2025-06-01,Placements,medium,0.438,0.346,0.342,0.595
U00029,2025-12-23,CAT,high,0.376,0.54,0.54,0.612
U00030,2025-06-21,Placements,medium,0.486,0.43,0.703,0.251
U00031,2026-06-16,Banking,low,0.631,0.616,0.575,0.582
U00032,2026-02-14,CAT,high,0.87,0.671,0.741,0.488
U00033,2026-04-12,Placements,medium,0.767,0.523,0.636,0.678
U00034,2025-07-10,SSC,low,0.781,0.294,0.347,0.637
U00035,2026-06-13,Banking,high,0.47,0.473,0.388,0.542
U00036,2026-02-07,CAT,medium,0.27,0.754,0.619,0.783
U00037,2025-06-23,Banking,low,0.573,0.424,0.326,0.373
U00038,2025-06-20,CAT,medium,0.793,0.423,0.621,0.655
U00039,2025-12-04,Placements,medium,0.519,0.857,0.326,0.381
U00040,2025-08-17,Banking,high,0.697,0.579,0.616,0.729
U00041,2025-08-04,Placements,low,0.414,0.426,0.709,0.572
U00042,2026-04-05,Placements,low,0.476,0.602,0.496,0.395
U00043,2025-07-12,CAT,medium,0.489,0.5,0.832,0.716
U00044,2026-02-26,Placements,low,0.529,0.636,0.609,0.635
U00045,2025-10-15,CAT,medium,0.404,0.623,0.551,0.211
U00046,2025-11-26,Banking,medium,0.857,0.717,0.75,0.347
U00047,2026-01-22,SSC,high,0.425,0.128,0.786,0.499
U00048,2026-05-02,CAT,low,0.885,0.509,0.547,0.724
U00049,2026-07-04,CAT,high,0.156,0.791,0.593,0.648
U00050,2025-10-30,CAT,high,0.445,0.579,0.569,0.753
U00051,2026-03-25,Banking,low,0.666,0.437,0.658,0.484
U00052,2026-06-28,CAT,high,0.404,0.649,0.585,0.335
U00053,2025-12-26,CAT,low,0.62,0.628,0.882,0.729
U00054,2025-12-03,CAT,medium,0.428,0.467,0.262,0.331
U00055,2026-04-13,Placements,medium,0.56,0.424,0.1,0.857
U00056,2026-04-03,CAT,low,0.496,0.542,0.552,0.396
U00057,2025-06-11,Placements,low,0.461,0.5,0.428,0.324
U00058,2025-11-18,CAT,low,0.336,0.351,0.632,0.622
U00059,2025-08-07,CAT,high,0.76,0.643,0.832,0.446
U00060,2026-01-29,CAT,low,0.34,0.729,0.546,0.405
U00061,2025-06-10,Placements,medium,0.674,0.637,0.509,0.246
U00062,2026-05-27,CAT,medium,0.864,0.95,0.622,0.354
U00063,2025-09-01,SSC,low,0.427,0.61,0.891,0.531
U00064,2025-11-27,Placements,medium,0.553,0.274,0.569,0.67
U00065,2026-04-12,CAT,high,0.591,0.361,0.14,0.531
U00066,2026-04-14,CAT,low,0.95,0.783,0.18,0.95
U00067,2026-01-06,Banking,high,0.816,0.1,0.452,0.585
U00068,2025-07-19,Placements,high,0.762,0.673,0.5,0.723
U00069,2025-07-28,CAT,medium,0.419,0.603,0.288,0.736
U00070,2025-10-27,CAT,high,0.47,0.304,0.377,0.495
U00071,2025-09-19,CAT,high,0.386,0.68,0.5,0.718
U00072,2025-11-10,CAT,low,0.552,0.503,0.363,0.562
U00073,2026-02-13,Placements,low,0.548,0.451,0.899,0.606
U00074,2025-09-08,Placements,medium,0.709,0.55,0.538,0.537
U00075,2025-06-23,CAT,medium,0.716,0.552,0.531,0.391
U00076,2025-11-07,CAT,low,0.756,0.48,0.745,0.545
U00077,2025-06-04,CAT,high,0.594,0.258,0.412,0.468
U00078,2026-04-18,Banking,medium,0.698,0.601,0.584,0.633
U00079,2026-02-03,SSC,high,0.364,0.584,0.399,0.178
U00080,2026-02-01,Placements,low,0.612,0.641,0.751,0.376
U00081,2026-06-10,CAT,medium,0.631,0.771,0.452,0.68
U00082,2026-06-15,CAT,medium,0.148,0.824,0.354,0.58
U00083,2026-06-04,Placements,high,0.867,0.929,0.674,0.553
U00084,2025-12-05,CAT,low,0.684,0.188,0.499,0.445
U00085,2025-08-03,CAT,low,0.317,0.829,0.444,0.524
U00086,2025-09-22,CAT,high,0.625,0.494,0.659,0.833
U00087,2025-06-21,Banking,low,0.352,0.608,0.603,0.338
U00088,2026-01-06,Banking,medium,0.834,0.73,0.55,0.511
U00089,2025-07-10,Placements,high,0.598,0.538,0.765,0.779
U00090,2025-06-06,Banking,low,0.648,0.455,0.522,0.329
U00091,2026-04-01,Placements,low,0.95,0.451,0.735,0.825
U00092,2026-06-20,SSC,low,0.446,0.95,0.905,0.605
U00093,2025-08-18,CAT,medium,0.438,0.678,0.95,0.529
U00094,2025-08-11,Placements,low,0.497,0.73,0.735,0.715
U00095,2025-07-26,Banking,medium,0.476,0.679,0.764,0.722
U00096,2025-12-23,SSC,medium,0.743,0.782,0.468,0.301
U00097,2026-03-09,Placements,medium,0.416,0.588,0.501,0.203
U00098,2026-03-28,Placements,high,0.364,0.545,0.367,0.395
U00099,2026-01-20,CAT,high,0.912,0.476,0.701,0.694
U00100,2025-10-26,Banking,high,0.167,0.301,0.918,0.459
U00101,2025-11-21,SSC,low,0.167,0.427,0.681,0.381
U00102,2025-09-11,CAT,medium,0.399,0.455,0.215,0.761
U00103,2026-01-22,CAT,medium,0.416,0.744,0.328,0.409
U00104,2025-07-27,Placements,low,0.642,0.556,0.589,0.696
U00105,2025-10-23,Placements,high,0.597,0.459,0.75,0.485
U00106,2026-01-15,CAT,high,0.95,0.366,0.331,0.506
U00107,2025-10-01,CAT,medium,0.586,0.348,0.685,0.883
U00108,2025-08-19,CAT,high,0.155,0.484,0.606,0.525
U00109,2025-06-23,SSC,low,0.57,0.41,0.777,0.476
U00110,2025-10-24,CAT,medium,0.329,0.543,0.716,0.65
U00111,2025-10-04,CAT,high,0.537,0.242,0.657,0.525
U00112,2025-07-13,Placements,low,0.503,0.498,0.324,0.455
U00113,2026-04-09,Placements,medium,0.25,0.667,0.675,0.676
U00114,2025-08-04,CAT,medium,0.593,0.657,0.661,0.296
U00115,2026-01-14,Placements,low,0.256,0.1,0.676,0.811
U00116,2025-10-23,CAT,low,0.436,0.232,0.707,0.316
U00117,2025-10-06,Placements,low,0.471,0.607,0.609,0.569
U00118,2025-07-15,Banking,high,0.815,0.859,0.873,0.518
U00119,2025-08-31,Placements,low,0.433,0.473,0.554,0.547
U00120,2025-12-29,CAT,medium,0.704,0.48,0.578,0.549
U00121,2026-01-04,SSC,medium,0.504,0.475,0.53,0.35
U00122,2025-12-28,CAT,low,0.604,0.376,0.528,0.269
U00123,2025-11-27,Placements,high,0.927,0.656,0.378,0.376
U00124,2025-12-21,Placements,high,0.885,0.758,0.636,0.806
U00125,2025-06-23,CAT,low,0.563,0.555,0.332,0.822
U00126,2025-08-29,SSC,high,0.407,0.771,0.728,0.388
U00127,2025-09-22,Placements,medium,0.326,0.665,0.629,0.662
U00128,2025-09-12,Placements,medium,0.773,0.597,0.665,0.628
U00129,2025-12-23,Placements,high,0.475,0.649,0.926,0.376
U00130,2025-07-15,CAT,medium,0.429,0.419,0.335,0.379
U00131,2025-12-29,SSC,low,0.317,0.673,0.612,0.721
U00132,2025-11-30,CAT,high,0.672,0.699,0.351,0.593
U00133,2025-11-21,CAT,low,0.669,0.769,0.399,0.426
U00134,2026-02-17,CAT,medium,0.616,0.356,0.824,0.864
U00135,2025-06-12,SSC,low,0.528,0.584,0.414,0.578
U00136,2026-01-01,Placements,high,0.842,0.535,0.365,0.513
U00137,2026-06-26,CAT,medium,0.442,0.399,0.833,0.552
U00138,2025-08-14,SSC,medium,0.636,0.548,0.472,0.784
U00139,2025-10-07,Banking,low,0.729,0.822,0.616,0.829
U00140,2026-01-19,CAT,low,0.488,0.557,0.83,0.481
U00141,2025-11-14,CAT,medium,0.619,0.748,0.634,0.461
U00142,2025-11-17,CAT,medium,0.361,0.482,0.556,0.777
U00143,2025-11-21,SSC,low,0.768,0.808,0.464,0.479
U00144,2025-08-16,Banking,low,0.685,0.855,0.425,0.218
U00145,2026-01-02,Banking,low,0.667,0.796,0.573,0.95
U00146,2026-01-20,CAT,high,0.414,0.566,0.57,0.411
U00147,2025-08-11,Banking,low,0.752,0.598,0.364,0.66
U00148,2025-06-28,CAT,low,0.474,0.568,0.71,0.73
U00149,2026-05-12,Banking,high,0.715,0.559,0.375,0.493
U00150,2025-10-02,Placements,low,0.455,0.586,0.328,0.611
U00151,2025-12-25,CAT,low,0.702,0.427,0.802,0.413
U00152,2026-04-19,CAT,high,0.796,0.263,0.605,0.66
U00153,2026-01-29,CAT,medium,0.485,0.631,0.595,0.949
U00154,2026-06-18,CAT,high,0.474,0.572,0.526,0.487
U00155,2025-06-30,CAT,low,0.483,0.546,0.583,0.42
U00156,2025-08-13,Placements,high,0.639,0.622,0.526,0.353
U00157,2026-01-19,Placements,high,0.551,0.364,0.53,0.692
U00158,2026-06-06,Placements,medium,0.603,0.689,0.679,0.803
U00159,2025-11-08,CAT,medium,0.555,0.694,0.58,0.549
U00160,2025-07-28,SSC,high,0.481,0.644,0.95,0.546
U00161,2025-06-04,Banking,high,0.434,0.448,0.484,0.789
U00162,2025-06-04,CAT,medium,0.484,0.605,0.533,0.314
U00163,2025-11-30,Placements,medium,0.582,0.638,0.398,0.452
U00164,2026-06-19,Placements,medium,0.279,0.667,0.493,0.588
U00165,2026-05-17,Placements,medium,0.647,0.463,0.831,0.772
U00166,2026-01-10,Banking,low,0.384,0.823,0.707,0.513
U00167,2026-03-09,CAT,low,0.687,0.581,0.622,0.717
U00168,2026-02-05,Placements,medium,0.554,0.624,0.638,0.264
U00169,2025-06-22,CAT,low,0.666,0.84,0.271,0.712
U00170,2026-01-05,Placements,medium,0.232,0.719,0.373,0.313
U00171,2026-03-24,Banking,low,0.653,0.628,0.95,0.68
U00172,2025-06-02,Placements,low,0.831,0.459,0.386,0.512
U00173,2025-11-11,SSC,low,0.392,0.388,0.587,0.651
U00174,2026-01-23,CAT,high,0.666,0.27,0.4,0.718
U00175,2025-07-09,CAT,high,0.474,0.586,0.95,0.144
U00176,2026-07-01,CAT,low,0.373,0.526,0.334,0.654
U00177,2025-07-07,Banking,low,0.429,0.472,0.711,0.65
U00178,2025-08-31,CAT,high,0.725,0.866,0.563,0.931
U00179,2025-07-13,Placements,medium,0.545,0.701,0.473,0.791
U00180,2026-05-24,SSC,medium,0.578,0.38,0.717,0.701
U00181,2026-02-23,CAT,low,0.622,0.508,0.766,0.456
U00182,2025-07-17,CAT,low,0.785,0.338,0.51,0.534
U00183,2025-12-14,CAT,medium,0.462,0.454,0.466,0.808
U00184,2026-01-19,Banking,medium,0.688,0.533,0.407,0.261
U00185,2026-05-19,Placements,low,0.278,0.641,0.547,0.813
U00186,2026-04-03,Placements,high,0.434,0.688,0.518,0.649
U00187,2025-09-12,Placements,medium,0.589,0.603,0.354,0.564
U00188,2025-09-01,Banking,low,0.532,0.211,0.826,0.304
U00189,2025-10-02,CAT,medium,0.603,0.612,0.669,0.677
U00190,2025-12-04,Placements,medium,0.4,0.508,0.351,0.488
U00191,2025-09-05,CAT,high,0.246,0.768,0.57,0.888
U00192,2026-03-22,CAT,low,0.75,0.768,0.525,0.638
U00193,2025-09-26,CAT,low,0.553,0.237,0.459,0.693
U00194,2026-06-25,CAT,low,0.481,0.685,0.615,0.509
U00195,2026-05-23,Placements,high,0.553,0.704,0.785,0.465
U00196,2025-09-27,Placements,high,0.644,0.297,0.389,0.395
U00197,2025-06-09,CAT,medium,0.889,0.535,0.669,0.754
U00198,2026-04-19,Placements,low,0.416,0.289,0.437,0.58
U00199,2025-12-07,CAT,high,0.331,0.95,0.511,0.874
U00200,2025-10-18,CAT,low,0.524,0.551,0.69,0.478
U00201,2026-02-27,CAT,medium,0.404,0.565,0.209,0.605
U00202,2025-10-23,Placements,medium,0.432,0.904,0.815,0.627
U00203,2026-06-11,CAT,medium,0.368,0.312,0.631,0.464
U00204,2026-03-26,CAT,low,0.813,0.669,0.46,0.165
U00205,2026-05-25,Placements,medium,0.388,0.2,0.888,0.353
U00206,2025-11-11,CAT,high,0.556,0.528,0.606,0.628
U00207,2025-07-12,CAT,low,0.588,0.279,0.265,0.419
U00208,2026-01-01,Banking,medium,0.458,0.485,0.591,0.5
U00209,2025-11-17,CAT,high,0.678,0.404,0.304,0.582
U00210,2026-01-29,CAT,medium,0.373,0.333,0.436,0.644
U00211,2025-06-29,CAT,medium,0.461,0.733,0.637,0.276
U00212,2026-01-13,SSC,high,0.745,0.455,0.381,0.535
U00213,2026-03-25,Placements,high,0.665,0.577,0.527,0.553
U00214,2025-10-30,CAT,medium,0.289,0.552,0.738,0.346
U00215,2025-09-05,Placements,medium,0.459,0.735,0.811,0.614
U00216,2025-08-14,Placements,medium,0.304,0.24,0.204,0.397
U00217,2025-07-26,CAT,low,0.731,0.714,0.708,0.378
U00218,2026-05-28,Placements,low,0.619,0.418,0.658,0.558
U00219,2026-02-26,CAT,medium,0.709,0.95,0.544,0.351
U00220,2025-09-25,CAT,low,0.742,0.637,0.591,0.619
U00221,2025-06-17,Placements,medium,0.728,0.62,0.291,0.61
U00222,2025-08-15,CAT,high,0.572,0.368,0.624,0.696
U00223,2025-10-17,CAT,low,0.5,0.707,0.533,0.761
U00224,2025-08-30,CAT,low,0.408,0.573,0.523,0.602
U00225,2025-12-20,CAT,low,0.779,0.617,0.662,0.504
U00226,2026-05-16,Placements,low,0.217,0.736,0.583,0.418
U00227,2025-10-14,Placements,medium,0.82,0.671,0.343,0.319
U00228,2025-12-29,Banking,low,0.643,0.524,0.433,0.642
U00229,2026-06-19,CAT,low,0.657,0.776,0.682,0.399
U00230,2026-02-26,SSC,high,0.38,0.228,0.95,0.449
U00231,2025-11-19,Placements,low,0.527,0.59,0.57,0.1
U00232,2026-04-18,Banking,low,0.52,0.869,0.512,0.844
U00233,2026-05-17,Placements,low,0.576,0.557,0.553,0.445
U00234,2025-11-17,CAT,low,0.305,0.651,0.567,0.85
U00235,2026-06-14,Placements,low,0.608,0.564,0.472,0.661
U00236,2025-07-27,Placements,low,0.466,0.747,0.374,0.519
U00237,2026-03-21,Placements,low,0.532,0.526,0.492,0.274
U00238,2025-06-13,Placements,low,0.742,0.625,0.41,0.479
U00239,2025-08-13,Placements,low,0.277,0.603,0.645,0.683
U00240,2026-06-05,Placements,low,0.691,0.344,0.614,0.422
U00241,2025-06-18,Placements,low,0.648,0.408,0.637,0.617
U00242,2025-11-03,CAT,low,0.619,0.559,0.34,0.818
U00243,2025-07-06,CAT,high,0.799,0.39,0.541,0.581
U00244,2026-07-02,CAT,medium,0.445,0.538,0.574,0.796
U00245,2026-05-01,Placements,high,0.766,0.419,0.95,0.506
U00246,2025-07-04,Placements,low,0.703,0.519,0.189,0.668
U00247,2025-11-13,CAT,high,0.386,0.689,0.685,0.585
U00248,2026-05-30,CAT,high,0.713,0.462,0.797,0.579
U00249,2025-11-04,CAT,high,0.43,0.171,0.325,0.808
U00250,2026-03-06,Banking,low,0.714,0.603,0.5,0.471
U00251,2026-02-14,CAT,medium,0.581,0.522,0.638,0.535
U00252,2025-06-17,CAT,low,0.583,0.553,0.578,0.904
U00253,2026-07-04,CAT,low,0.244,0.567,0.202,0.59
U00254,2025-11-09,Placements,medium,0.635,0.603,0.839,0.66
U00255,2025-07-21,Placements,high,0.717,0.719,0.788,0.138
U00256,2025-06-26,Placements,high,0.766,0.658,0.561,0.367
U00257,2026-04-07,CAT,low,0.691,0.264,0.603,0.285
U00258,2025-09-22,Placements,low,0.29,0.876,0.301,0.435
U00259,2025-09-06,Placements,low,0.691,0.424,0.366,0.716
U00260,2025-10-24,CAT,high,0.31,0.631,0.554,0.56
U00261,2025-12-18,CAT,medium,0.54,0.573,0.14,0.393
U00262,2026-07-02,CAT,medium,0.579,0.552,0.884,0.186
U00263,2025-12-04,SSC,high,0.414,0.454,0.46,0.82
U00264,2026-06-06,Placements,medium,0.416,0.57,0.714,0.753
U00265,2025-10-05,CAT,high,0.524,0.616,0.455,0.825
U00266,2025-09-23,CAT,high,0.597,0.444,0.462,0.705
U00267,2025-12-31,CAT,low,0.68,0.565,0.48,0.722
U00268,2025-09-12,CAT,high,0.95,0.618,0.535,0.47
U00269,2026-06-27,CAT,medium,0.699,0.433,0.491,0.313
U00270,2025-09-30,Placements,low,0.273,0.567,0.1,0.95
U00271,2025-06-04,Banking,low,0.39,0.637,0.778,0.598
U00272,2025-11-09,Placements,medium,0.313,0.464,0.569,0.545
U00273,2026-02-02,CAT,medium,0.292,0.657,0.703,0.593
U00274,2026-05-29,Placements,medium,0.798,0.1,0.719,0.655
U00275,2026-07-01,Banking,medium,0.646,0.661,0.463,0.687
U00276,2025-12-06,Placements,high,0.764,0.527,0.431,0.332
U00277,2026-05-25,Placements,low,0.48,0.67,0.548,0.254
U00278,2025-11-02,CAT,high,0.368,0.473,0.493,0.731
U00279,2025-09-08,SSC,high,0.554,0.297,0.767,0.619
U00280,2026-01-25,Placements,high,0.546,0.453,0.612,0.662
U00281,2026-05-25,Placements,low,0.568,0.371,0.437,0.797
U00282,2025-06-28,Placements,medium,0.33,0.309,0.698,0.606
U00283,2025-06-02,Placements,low,0.665,0.908,0.376,0.28
U00284,2026-03-23,Banking,medium,0.604,0.77,0.687,0.823
U00285,2026-03-04,CAT,low,0.411,0.85,0.631,0.641
U00286,2025-10-23,CAT,high,0.623,0.865,0.835,0.615
U00287,2025-08-01,CAT,low,0.776,0.588,0.48,0.672
U00288,2025-12-25,CAT,low,0.54,0.67,0.51,0.543
U00289,2026-06-30,Placements,high,0.829,0.882,0.495,0.406
U00290,2025-10-13,CAT,medium,0.535,0.32,0.522,0.623
U00291,2025-09-28,Placements,low,0.469,0.438,0.505,0.38
U00292,2026-01-17,CAT,high,0.609,0.4,0.698,0.757
U00293,2026-01-16,CAT,medium,0.347,0.315,0.454,0.478
U00294,2025-06-17,SSC,high,0.626,0.625,0.391,0.505
U00295,2026-04-24,Placements,high,0.548,0.618,0.292,0.443
U00296,2026-04-28,CAT,medium,0.552,0.471,0.298,0.42
U00297,2025-08-15,CAT,low,0.492,0.538,0.374,0.592
U00298,2025-07-20,Placements,low,0.389,0.461,0.298,0.618
U00299,2026-01-23,Placements,high,0.709,0.709,0.1,0.351
U00300,2025-06-06,CAT,low,0.629,0.384,0.842,0.424
U00301,2026-06-18,CAT,low,0.518,0.713,0.388,0.588
U00302,2025-10-17,CAT,high,0.587,0.544,0.608,0.713
U00303,2026-01-12,Placements,medium,0.352,0.47,0.352,0.649
U00304,2025-07-02,SSC,low,0.601,0.281,0.554,0.249
U00305,2025-07-27,Placements,low,0.855,0.541,0.534,0.894
U00306,2025-09-03,Placements,high,0.472,0.9,0.389,0.471
U00307,2025-11-22,CAT,low,0.828,0.411,0.533,0.793
U00308,2026-05-27,CAT,high,0.218,0.351,0.391,0.485
U00309,2026-05-25,CAT,low,0.614,0.542,0.328,0.795
U00310,2026-04-15,Banking,medium,0.352,0.875,0.577,0.738
U00311,2025-08-26,Placements,high,0.542,0.502,0.605,0.5
U00312,2026-03-10,Placements,high,0.246,0.536,0.946,0.48
U00313,2026-05-15,CAT,medium,0.732,0.707,0.291,0.603
U00314,2025-09-23,Placements,low,0.1,0.258,0.509,0.486
U00315,2025-09-17,CAT,low,0.673,0.399,0.453,0.729
U00316,2026-04-18,SSC,medium,0.286,0.708,0.381,0.783
U00317,2026-03-17,Banking,medium,0.625,0.515,0.629,0.199
U00318,2026-06-17,Placements,low,0.58,0.446,0.519,0.838
U00319,2026-01-27,CAT,low,0.673,0.606,0.83,0.187
U00320,2025-07-18,CAT,low,0.772,0.317,0.609,0.315
U00321,2026-01-16,CAT,high,0.46,0.371,0.549,0.915
U00322,2026-04-25,CAT,medium,0.293,0.345,0.657,0.522
U00323,2026-03-04,CAT,low,0.278,0.462,0.375,0.606
U00324,2025-12-09,SSC,high,0.666,0.1,0.569,0.135
U00325,2025-12-12,Placements,low,0.487,0.596,0.683,0.689
U00326,2026-02-26,CAT,medium,0.7,0.628,0.414,0.666
U00327,2025-07-26,Placements,high,0.584,0.249,0.359,0.421
U00328,2026-01-19,Banking,low,0.352,0.52,0.383,0.706
U00329,2025-12-11,CAT,high,0.384,0.562,0.499,0.558
U00330,2026-04-06,Banking,high,0.506,0.859,0.704,0.395
U00331,2026-01-14,CAT,high,0.2,0.485,0.345,0.239
U00332,2025-12-09,CAT,low,0.665,0.548,0.752,0.537
U00333,2025-06-19,Banking,low,0.511,0.321,0.437,0.227
U00334,2025-11-29,Banking,medium,0.737,0.313,0.59,0.506
U00335,2026-04-06,Banking,medium,0.312,0.49,0.778,0.402
U00336,2025-07-19,Placements,low,0.575,0.417,0.599,0.458
U00337,2026-02-08,Placements,low,0.605,0.555,0.609,0.679
U00338,2026-06-14,CAT,low,0.589,0.724,0.505,0.809
U00339,2025-09-30,CAT,medium,0.632,0.452,0.454,0.597
U00340,2026-05-19,SSC,medium,0.569,0.896,0.675,0.489
U00341,2026-07-02,SSC,low,0.659,0.647,0.55,0.42
U00342,2026-03-16,Placements,medium,0.597,0.626,0.195,0.611
U00343,2025-10-01,Placements,medium,0.728,0.684,0.254,0.64
U00344,2025-06-16,CAT,medium,0.287,0.63,0.489,0.792
U00345,2026-06-26,CAT,low,0.626,0.396,0.272,0.498
U00346,2026-05-26,Placements,low,0.379,0.728,0.409,0.654
U00347,2025-07-06,Placements,medium,0.325,0.707,0.496,0.471
U00348,2025-06-30,Placements,low,0.6,0.26,0.536,0.391
U00349,2026-05-18,CAT,low,0.784,0.431,0.454,0.826
U00350,2025-11-25,CAT,medium,0.748,0.553,0.566,0.604
U00351,2026-06-05,Placements,low,0.756,0.281,0.403,0.389
U00352,2025-12-03,CAT,medium,0.779,0.644,0.547,0.392
U00353,2026-03-29,SSC,high,0.505,0.526,0.51,0.702
U00354,2025-07-13,CAT,high,0.753,0.383,0.433,0.442
U00355,2026-07-02,Placements,medium,0.303,0.362,0.488,0.646
U00356,2025-12-11,CAT,medium,0.42,0.686,0.53,0.419
U00357,2026-04-07,CAT,medium,0.502,0.703,0.733,0.337
U00358,2026-06-29,Placements,medium,0.454,0.686,0.407,0.623
U00359,2026-03-08,Placements,medium,0.488,0.314,0.565,0.73
U00360,2025-09-05,CAT,high,0.503,0.478,0.638,0.209
U00361,2025-10-05,CAT,low,0.517,0.551,0.526,0.894
U00362,2026-06-03,Placements,low,0.394,0.567,0.776,0.669
U00363,2026-04-30,Placements,low,0.664,0.417,0.528,0.703
U00364,2025-07-08,CAT,medium,0.484,0.572,0.673,0.39
U00365,2026-02-05,CAT,medium,0.648,0.587,0.524,0.417
U00366,2026-03-29,Placements,medium,0.445,0.465,0.673,0.58
U00367,2025-09-17,Banking,low,0.618,0.477,0.19,0.585
U00368,2025-12-10,Banking,medium,0.674,0.601,0.416,0.446
U00369,2025-10-26,Placements,low,0.127,0.447,0.511,0.327
U00370,2026-04-26,SSC,low,0.527,0.461,0.585,0.499
U00371,2026-02-11,CAT,medium,0.702,0.562,0.511,0.613
U00372,2025-06-15,CAT,high,0.55,0.351,0.674,0.438
U00373,2026-02-21,CAT,high,0.488,0.278,0.698,0.572
U00374,2026-04-05,Placements,low,0.698,0.423,0.552,0.535
U00375,2026-06-01,CAT,low,0.807,0.733,0.63,0.794
U00376,2025-10-10,SSC,medium,0.474,0.619,0.302,0.706
U00377,2026-06-06,CAT,low,0.639,0.901,0.582,0.668
U00378,2025-11-01,Placements,high,0.358,0.382,0.544,0.549
U00379,2025-06-23,Placements,medium,0.416,0.701,0.627,0.835
U00380,2025-12-15,Banking,medium,0.937,0.535,0.602,0.628
U00381,2025-11-27,Banking,low,0.95,0.447,0.818,0.287
U00382,2026-05-27,CAT,medium,0.383,0.256,0.569,0.389
U00383,2026-06-03,Placements,low,0.562,0.598,0.666,0.765
U00384,2026-04-19,CAT,medium,0.625,0.832,0.305,0.622
U00385,2025-10-30,Placements,medium,0.61,0.647,0.875,0.693
U00386,2025-11-29,CAT,high,0.566,0.735,0.565,0.553
U00387,2025-08-16,Placements,high,0.533,0.475,0.523,0.605
U00388,2026-06-14,CAT,medium,0.662,0.95,0.311,0.656
U00389,2025-11-19,Placements,low,0.673,0.484,0.457,0.418
U00390,2026-03-20,CAT,medium,0.534,0.527,0.686,0.29
U00391,2025-09-12,Placements,low,0.606,0.95,0.772,0.46
U00392,2025-12-06,CAT,high,0.445,0.221,0.639,0.314
U00393,2026-01-26,Placements,medium,0.802,0.505,0.421,0.791
U00394,2025-06-11,Placements,medium,0.425,0.313,0.751,0.539
U00395,2026-05-06,Placements,low,0.75,0.803,0.506,0.606
U00396,2026-02-10,CAT,high,0.607,0.453,0.593,0.579
U00397,2025-12-13,SSC,low,0.716,0.591,0.605,0.55
U00398,2025-12-06,SSC,high,0.739,0.881,0.685,0.64
U00399,2025-06-04,CAT,high,0.479,0.439,0.515,0.872
U00400,2026-03-23,Placements,low,0.375,0.575,0.68,0.689
U00401,2025-10-12,CAT,low,0.661,0.45,0.664,0.808
U00402,2025-12-18,CAT,medium,0.185,0.694,0.933,0.326
U00403,2025-09-01,Placements,low,0.691,0.441,0.506,0.649
U00404,2025-06-07,SSC,low,0.644,0.505,0.633,0.485
U00405,2026-01-27,CAT,medium,0.747,0.293,0.667,0.615
U00406,2026-03-03,CAT,high,0.729,0.477,0.637,0.598
U00407,2026-04-28,CAT,medium,0.95,0.64,0.569,0.747
U00408,2025-11-12,Placements,high,0.442,0.627,0.438,0.95
U00409,2026-01-04,Placements,medium,0.52,0.64,0.225,0.737
U00410,2025-08-15,Placements,low,0.224,0.817,0.794,0.692
U00411,2026-05-01,CAT,medium,0.517,0.5,0.79,0.492
U00412,2026-06-05,CAT,low,0.578,0.549,0.609,0.531
U00413,2025-09-02,CAT,low,0.552,0.872,0.644,0.619
U00414,2026-01-17,Placements,medium,0.733,0.605,0.439,0.533
U00415,2025-07-27,Banking,medium,0.746,0.415,0.347,0.413
U00416,2026-03-25,CAT,low,0.49,0.336,0.306,0.32
U00417,2026-05-05,CAT,low,0.481,0.789,0.339,0.604
U00418,2025-08-21,SSC,high,0.337,0.31,0.617,0.671
U00419,2025-12-28,Placements,medium,0.518,0.599,0.481,0.783
U00420,2025-06-14,CAT,medium,0.358,0.57,0.261,0.591
U00421,2026-06-25,Placements,high,0.506,0.706,0.558,0.77
U00422,2025-08-05,Placements,high,0.194,0.567,0.351,0.479
U00423,2026-04-20,Banking,low,0.628,0.509,0.409,0.776
U00424,2026-05-03,Placements,high,0.687,0.581,0.592,0.83
U00425,2025-12-14,Placements,medium,0.589,0.59,0.383,0.95
U00426,2026-06-14,Placements,low,0.462,0.714,0.296,0.518
U00427,2025-07-04,Placements,low,0.525,0.52,0.442,0.557
U00428,2025-08-02,SSC,low,0.473,0.724,0.645,0.517
U00429,2026-03-15,Placements,medium,0.791,0.631,0.525,0.629
U00430,2026-01-10,Placements,low,0.709,0.625,0.511,0.419
U00431,2026-02-18,CAT,low,0.705,0.602,0.81,0.76
U00432,2025-06-11,Placements,medium,0.92,0.439,0.699,0.231
U00433,2026-06-14,Placements,medium,0.494,0.359,0.801,0.416
U00434,2025-07-31,Banking,low,0.29,0.735,0.547,0.821
U00435,2025-06-14,Placements,high,0.514,0.509,0.69,0.684
U00436,2026-04-07,CAT,medium,0.623,0.67,0.643,0.699
U00437,2025-09-21,CAT,medium,0.731,0.751,0.751,0.391
U00438,2026-01-10,Placements,low,0.394,0.496,0.673,0.42
U00439,2025-06-02,CAT,high,0.655,0.588,0.782,0.627
U00440,2026-03-28,SSC,high,0.185,0.705,0.771,0.539
U00441,2026-04-29,SSC,low,0.445,0.95,0.409,0.717
U00442,2025-07-05,SSC,medium,0.381,0.531,0.676,0.605
U00443,2026-03-29,Placements,medium,0.449,0.709,0.25,0.449
U00444,2025-10-21,CAT,medium,0.459,0.222,0.805,0.795
U00445,2026-03-20,CAT,medium,0.526,0.651,0.601,0.288
U00446,2025-06-02,CAT,high,0.694,0.451,0.1,0.586
U00447,2026-03-12,CAT,medium,0.269,0.756,0.498,0.564
U00448,2025-07-05,Banking,medium,0.444,0.753,0.53,0.348
U00449,2026-05-01,Banking,medium,0.546,0.573,0.56,0.812
U00450,2026-01-26,CAT,medium,0.55,0.7,0.268,0.616
U00451,2025-06-26,CAT,medium,0.552,0.392,0.261,0.943
U00452,2025-06-26,Placements,medium,0.352,0.564,0.481,0.491
U00453,2025-09-09,Placements,low,0.795,0.492,0.68,0.218
U00454,2025-08-09,Placements,high,0.723,0.662,0.606,0.633
U00455,2026-02-11,CAT,medium,0.633,0.521,0.568,0.702
U00456,2026-05-20,SSC,medium,0.389,0.468,0.477,0.572
U00457,2025-12-25,SSC,medium,0.62,0.517,0.553,0.605
U00458,2026-05-08,SSC,high,0.1,0.514,0.832,0.756
U00459,2025-08-26,Placements,high,0.698,0.759,0.349,0.539
U00460,2026-02-26,CAT,medium,0.577,0.56,0.446,0.576
U00461,2025-06-13,CAT,medium,0.429,0.158,0.553,0.829
U00462,2025-11-24,CAT,low,0.258,0.596,0.707,0.404
U00463,2026-05-09,CAT,low,0.773,0.298,0.468,0.833
U00464,2026-05-08,CAT,low,0.582,0.95,0.349,0.686
U00465,2026-05-20,CAT,medium,0.458,0.634,0.451,0.574
U00466,2026-02-24,CAT,low,0.316,0.321,0.458,0.66
U00467,2026-01-23,Placements,low,0.346,0.736,0.795,0.641
U00468,2026-01-25,Placements,high,0.657,0.836,0.743,0.733
U00469,2026-02-07,CAT,medium,0.252,0.423,0.524,0.422
U00470,2026-02-09,CAT,high,0.729,0.299,0.737,0.59
U00471,2025-06-26,Banking,medium,0.842,0.693,0.573,0.575
U00472,2025-07-14,Placements,low,0.66,0.484,0.652,0.634
U00473,2025-10-21,CAT,medium,0.763,0.503,0.493,0.655
U00474,2026-05-10,CAT,low,0.482,0.1,0.62,0.597
U00475,2026-03-29,Placements,low,0.307,0.759,0.563,0.209
U00476,2026-01-24,Placements,high,0.447,0.596,0.596,0.731
U00477,2025-08-08,CAT,high,0.634,0.645,0.481,0.397
U00478,2026-05-24,Placements,medium,0.699,0.514,0.539,0.388
U00479,2025-12-15,Placements,medium,0.629,0.256,0.671,0.848
U00480,2026-02-15,CAT,medium,0.516,0.774,0.342,0.472
U00481,2025-08-06,CAT,high,0.65,0.612,0.457,0.471
U00482,2025-07-22,CAT,medium,0.289,0.489,0.285,0.476
U00483,2025-07-24,Placements,high,0.43,0.735,0.242,0.557
U00484,2026-03-16,Placements,high,0.452,0.409,0.176,0.61
U00485,2025-11-19,CAT,medium,0.434,0.735,0.642,0.763
U00486,2026-01-05,Banking,medium,0.393,0.587,0.584,0.461
U00487,2026-04-28,Placements,high,0.916,0.675,0.886,0.882
U00488,2026-05-02,Banking,low,0.462,0.285,0.854,0.675
U00489,2026-07-01,SSC,high,0.621,0.733,0.669,0.44
U00490,2026-06-12,CAT,medium,0.828,0.572,0.672,0.701
U00491,2026-04-04,Placements,low,0.541,0.894,0.749,0.605
U00492,2025-12-23,Placements,medium,0.534,0.298,0.1,0.443
U00493,2025-11-04,CAT,high,0.605,0.642,0.53,0.318
U00494,2026-01-09,Placements,high,0.528,0.358,0.803,0.523
U00495,2025-06-15,CAT,high,0.345,0.361,0.551,0.56
U00496,2026-02-07,CAT,high,0.377,0.731,0.533,0.705
U00497,2026-01-17,CAT,medium,0.405,0.847,0.536,0.472
U00498,2025-09-12,CAT,medium,0.523,0.309,0.417,0.198
U00499,2026-04-22,CAT,medium,0.614,0.492,0.635,0.377
U00500,2025-11-10,Banking,low,0.513,0.549,0.442,0.274
U00501,2026-04-01,CAT,high,0.509,0.673,0.817,0.467
U00502,2025-12-03,CAT,low,0.521,0.889,0.478,0.437
U00503,2025-12-17,CAT,medium,0.428,0.297,0.837,0.649
U00504,2026-05-23,Placements,low,0.553,0.249,0.386,0.487
U00505,2026-03-16,Banking,high,0.376,0.222,0.39,0.515
U00506,2026-05-18,Placements,low,0.836,0.429,0.668,0.374
U00507,2025-07-28,CAT,medium,0.51,0.544,0.838,0.1
U00508,2026-03-31,CAT,medium,0.625,0.338,0.543,0.552
U00509,2025-08-25,Placements,low,0.524,0.423,0.659,0.504
U00510,2025-08-16,CAT,high,0.497,0.676,0.458,0.556
U00511,2025-06-19,SSC,low,0.45,0.581,0.565,0.408
U00512,2025-11-29,Placements,high,0.754,0.609,0.656,0.253
U00513,2025-08-01,Placements,low,0.524,0.573,0.344,0.291
U00514,2025-09-13,Placements,high,0.45,0.561,0.674,0.645
U00515,2025-12-06,Placements,medium,0.738,0.526,0.85,0.354
U00516,2025-12-23,CAT,low,0.424,0.1,0.491,0.771
U00517,2025-10-01,Placements,low,0.498,0.517,0.49,0.421
U00518,2026-06-09,CAT,low,0.429,0.681,0.446,0.579
U00519,2026-03-19,Placements,low,0.415,0.563,0.253,0.909
U00520,2026-06-14,CAT,low,0.683,0.519,0.475,0.309
U00521,2026-05-06,Placements,medium,0.925,0.513,0.142,0.721
U00522,2026-01-22,CAT,low,0.37,0.569,0.803,0.494
U00523,2025-10-23,Banking,medium,0.513,0.718,0.807,0.525
U00524,2026-06-10,Placements,low,0.388,0.464,0.74,0.591
U00525,2026-02-27,CAT,medium,0.281,0.643,0.48,0.733
U00526,2026-07-06,CAT,low,0.542,0.44,0.453,0.569
U00527,2026-05-10,Placements,medium,0.643,0.767,0.506,0.655
U00528,2026-04-09,Placements,high,0.552,0.676,0.76,0.435
U00529,2025-08-29,Placements,medium,0.627,0.687,0.433,0.937
U00530,2025-11-28,CAT,low,0.309,0.86,0.526,0.38
U00531,2025-06-23,CAT,medium,0.663,0.681,0.605,0.421
U00532,2025-06-25,Placements,low,0.236,0.515,0.342,0.815
U00533,2026-02-09,CAT,high,0.524,0.836,0.706,0.456
U00534,2025-11-30,CAT,high,0.801,0.271,0.578,0.486
U00535,2025-07-25,CAT,low,0.306,0.695,0.139,0.419
U00536,2026-01-04,Placements,high,0.947,0.421,0.406,0.425
U00537,2026-01-26,Placements,high,0.471,0.607,0.621,0.291
U00538,2026-06-18,SSC,medium,0.529,0.437,0.27,0.588
U00539,2025-10-15,SSC,low,0.1,0.468,0.389,0.87
U00540,2026-06-05,Placements,low,0.489,0.26,0.542,0.664
U00541,2026-02-24,Placements,low,0.467,0.688,0.568,0.915
U00542,2025-12-31,Placements,medium,0.514,0.449,0.271,0.573
U00543,2026-04-24,CAT,medium,0.879,0.527,0.734,0.516
U00544,2026-01-29,Banking,high,0.598,0.526,0.811,0.664
U00545,2025-09-05,Placements,low,0.573,0.751,0.338,0.934
U00546,2025-12-03,Placements,low,0.685,0.783,0.366,0.465
U00547,2026-03-05,CAT,low,0.733,0.652,0.471,0.505
U00548,2025-08-01,CAT,low,0.249,0.487,0.672,0.502
U00549,2026-03-10,Placements,low,0.282,0.758,0.616,0.771
U00550,2025-08-06,CAT,low,0.489,0.836,0.356,0.498
U00551,2026-06-10,Placements,medium,0.591,0.775,0.618,0.518
U00552,2025-07-28,Placements,medium,0.549,0.536,0.484,0.702
U00553,2026-02-06,Placements,high,0.627,0.452,0.61,0.449
U00554,2026-06-08,Banking,low,0.579,0.804,0.763,0.713
U00555,2026-02-10,CAT,high,0.546,0.711,0.435,0.287
U00556,2025-10-13,Banking,high,0.599,0.482,0.871,0.844
U00557,2026-02-16,CAT,low,0.195,0.611,0.606,0.371
U00558,2026-01-17,Placements,low,0.703,0.584,0.819,0.274
U00559,2025-10-23,CAT,high,0.638,0.599,0.627,0.433
U00560,2026-02-11,CAT,medium,0.207,0.413,0.803,0.438
U00561,2026-01-17,Banking,low,0.583,0.31,0.697,0.532
U00562,2026-04-07,Banking,medium,0.95,0.483,0.726,0.48
U00563,2025-10-01,Placements,medium,0.319,0.803,0.69,0.466
U00564,2025-12-09,CAT,low,0.861,0.751,0.707,0.65
U00565,2026-04-11,Banking,high,0.741,0.503,0.223,0.687
U00566,2026-04-15,CAT,low,0.621,0.297,0.155,0.565
U00567,2026-05-08,CAT,high,0.654,0.416,0.674,0.675
U00568,2026-05-14,SSC,low,0.1,0.538,0.586,0.685
U00569,2025-11-18,Placements,high,0.567,0.503,0.743,0.334
U00570,2026-05-02,Placements,high,0.687,0.522,0.762,0.418
U00571,2026-03-09,Placements,high,0.304,0.785,0.253,0.617
U00572,2025-11-05,CAT,medium,0.609,0.872,0.755,0.574
U00573,2025-09-19,SSC,medium,0.354,0.468,0.529,0.1
U00574,2026-03-02,SSC,low,0.724,0.579,0.273,0.564
U00575,2025-09-29,SSC,medium,0.528,0.427,0.48,0.555
U00576,2025-12-08,CAT,low,0.659,0.64,0.499,0.904
U00577,2025-12-15,SSC,low,0.327,0.304,0.622,0.68
U00578,2026-04-06,Banking,high,0.489,0.639,0.41,0.546
U00579,2026-03-24,Placements,medium,0.403,0.369,0.559,0.587
U00580,2026-03-30,Placements,low,0.61,0.95,0.715,0.198
U00581,2026-01-27,Banking,medium,0.477,0.515,0.492,0.327
U00582,2026-06-20,CAT,low,0.684,0.53,0.721,0.432
U00583,2025-08-03,CAT,low,0.271,0.504,0.845,0.825
U00584,2025-08-30,Placements,medium,0.868,0.506,0.457,0.722
U00585,2025-11-27,CAT,low,0.538,0.643,0.443,0.519
U00586,2025-08-14,Placements,medium,0.517,0.7,0.655,0.643
U00587,2026-07-01,CAT,medium,0.399,0.908,0.548,0.515
U00588,2025-06-19,CAT,high,0.823,0.768,0.507,0.338
U00589,2025-07-12,SSC,high,0.233,0.361,0.608,0.523
U00590,2026-04-10,SSC,medium,0.381,0.479,0.859,0.752
U00591,2025-09-11,Placements,low,0.695,0.677,0.814,0.552
U00592,2025-07-02,Placements,high,0.409,0.388,0.548,0.564
U00593,2026-05-23,CAT,medium,0.599,0.299,0.783,0.306
U00594,2025-12-12,SSC,medium,0.882,0.236,0.762,0.364
U00595,2025-10-09,CAT,medium,0.686,0.284,0.586,0.803
U00596,2026-01-05,Banking,medium,0.757,0.616,0.251,0.567
U00597,2026-04-24,Banking,medium,0.477,0.632,0.583,0.191
U00598,2026-03-23,CAT,high,0.684,0.41,0.683,0.64
U00599,2025-08-03,CAT,high,0.623,0.708,0.716,0.362
U00600,2025-08-16,SSC,high,0.418,0.816,0.709,0.665
