user_id,signup_date,target_exam,engagement_level,account_age_days
U00001,2026-04-17,Placements,medium,103
U00002,2025-10-13,Placements,medium,289
U00003,2025-09-05,CAT,medium,327
U00004,2025-09-04,CAT,low,328
U00005,2025-09-04,CAT,low,328
U00006,2026-05-30,SSC,medium,60
U00007,2026-03-16,CAT,high,135
U00008,2026-02-12,CAT,low,167
U00009,2026-01-30,CAT,medium,180
U00010,2026-01-03,Placements,low,207
U00011,2025-12-28,CAT,medium,213
U00012,2026-05-30,CAT,low,60
U00013,2025-09-13,CAT,low,319
U00014,2025-09-04,SSC,low,328
U00015,2026-02-06,CAT,medium,173
U00016,2026-05-10,Banking,high,80
U00017,2026-03-30,CAT,high,121
U00018,2026-05-21,CAT,medium,69
U00019,2026-06-02,CAT,medium,57
U00020,2025-06-25,CAT,high,399
U00021,2026-07-05,CAT,high,24
U00022,2025-10-21,Placements,low,281
U00023,2025-08-05,Placements,low,358
U00024,2025-09-15,CAT,high,317
U00025,2025-09-13,Placements,medium,319
U00026,2026-03-08,CAT,low,143
U00027,2025-07-20,CAT,medium,374
U00028,2025-06-01,Placements,medium,423
U00029,2025-12-23,CAT,high,218
U00030,2025-06-21,Placements,medium,403
U00031,2026-06-16,Banking,low,43
U00032,2026-02-14,CAT,high,165
U00033,2026-04-12,Placements,medium,108
U00034,2025-07-10,SSC,low,384
U00035,2026-06-13,Banking,high,46
U00036,2026-02-07,CAT,medium,172
U00037,2025-06-23,Banking,low,401
U00038,2025-06-20,CAT,medium,404
U00039,2025-12-04,Placements,medium,237
U00040,2025-08-17,Banking,high,346
U00041,2025-08-04,Placements,low,359
U00042,2026-04-05,Placements,low,115
U00043,2025-07-12,CAT,medium,382
U00044,2026-02-26,Placements,low,153
U00045,2025-10-15,CAT,medium,287
U00046,2025-11-26,Banking,medium,245
U00047,2026-01-22,SSC,high,188
U00048,2026-05-02,CAT,low,88
U00049,2026-07-04,CAT,high,25
U00050,2025-10-30,CAT,high,272
U00051,2026-03-25,Banking,low,126
U00052,2026-06-28,CAT,high,31
U00053,2025-12-26,CAT,low,215
U00054,2025-12-03,CAT,medium,238
U00055,2026-04-13,Placements,medium,107
U00056,2026-04-03,CAT,low,117
U00057,2025-06-11,Placements,low,413
U00058,2025-11-18,CAT,low,253
U00059,2025-08-07,CAT,high,356
U00060,2026-01-29,CAT,low,181
U00061,2025-06-10,Placements,medium,414
U00062,2026-05-27,CAT,medium,63
U00063,2025-09-01,SSC,low,331
U00064,2025-11-27,Placements,medium,244
U00065,2026-04-12,CAT,high,108
U00066,2026-04-14,CAT,low,106
U00067,2026-01-06,Banking,high,204
U00068,2025-07-19,Placements,high,375
U00069,2025-07-28,CAT,medium,366
U00070,2025-10-27,CAT,high,275
U00071,2025-09-19,CAT,high,313
U00072,2025-11-10,CAT,low,261
U00073,2026-02-13,Placements,low,166
U00074,2025-09-08,Placements,medium,324
U00075,2025-06-23,CAT,medium,401
U00076,2025-11-07,CAT,low,264
U00077,2025-06-04,CAT,high,420
U00078,2026-04-18,Banking,medium,102
U00079,2026-02-03,SSC,high,176
U00080,2026-02-01,Placements,low,178
U00081,2026-06-10,CAT,medium,49
U00082,2026-06-15,CAT,medium,44
U00083,2026-06-04,Placements,high,55
U00084,2025-12-05,CAT,low,236
U00085,2025-08-03,CAT,low,360
U00086,2025-09-22,CAT,high,310
U00087,2025-06-21,Banking,low,403
U00088,2026-01-06,Banking,medium,204
U00089,2025-07-10,Placements,high,384
U00090,2025-06-06,Banking,low,418
U00091,2026-04-01,Placements,low,119
U00092,2026-06-20,SSC,low,39
U00093,2025-08-18,CAT,medium,345
U00094,2025-08-11,Placements,low,352
U00095,2025-07-26,Banking,medium,368
U00096,2025-12-23,SSC,medium,218
U00097,2026-03-09,Placements,medium,142
U00098,2026-03-28,Placements,high,123
U00099,2026-01-20,CAT,high,190
U00100,2025-10-26,Banking,high,276
U00101,2025-11-21,SSC,low,250
U00102,2025-09-11,CAT,medium,321
U00103,2026-01-22,CAT,medium,188
U00104,2025-07-27,Placements,low,367
U00105,2025-10-23,Placements,high,279
U00106,2026-01-15,CAT,high,195
U00107,2025-10-01,CAT,medium,301
U00108,2025-08-19,CAT,high,344
U00109,2025-06-23,SSC,low,401
U00110,2025-10-24,CAT,medium,278
U00111,2025-10-04,CAT,high,298
U00112,2025-07-13,Placements,low,381
U00113,2026-04-09,Placements,medium,111
U00114,2025-08-04,CAT,medium,359
U00115,2026-01-14,Placements,low,196
U00116,2025-10-23,CAT,low,279
U00117,2025-10-06,Placements,low,296
U00118,2025-07-15,Banking,high,379
U00119,2025-08-31,Placements,low,332
U00120,2025-12-29,CAT,medium,212
U00121,2026-01-04,SSC,medium,206
U00122,2025-12-28,CAT,low,213
U00123,2025-11-27,Placements,high,244
U00124,2025-12-21,Placements,high,220
U00125,2025-06-23,CAT,low,401
U00126,2025-08-29,SSC,high,334
U00127,2025-09-22,Placements,medium,310
U00128,2025-09-12,Placements,medium,320
U00129,2025-12-23,Placements,high,218
U00130,2025-07-15,CAT,medium,379
U00131,2025-12-29,SSC,low,212
U00132,2025-11-30,CAT,high,241
U00133,2025-11-21,CAT,low,250
U00134,2026-02-17,CAT,medium,162
U00135,2025-06-12,SSC,low,412
U00136,2026-01-01,Placements,high,209
U00137,2026-06-26,CAT,medium,33
U00138,2025-08-14,SSC,medium,349
U00139,2025-10-07,Banking,low,295
U00140,2026-01-19,CAT,low,191
U00141,2025-11-14,CAT,medium,257
U00142,2025-11-17,CAT,medium,254
U00143,2025-11-21,SSC,low,250
U00144,2025-08-16,Banking,low,347
U00145,2026-01-02,Banking,low,208
U00146,2026-01-20,CAT,high,190
U00147,2025-08-11,Banking,low,352
U00148,2025-06-28,CAT,low,396
U00149,2026-05-12,Banking,high,78
U00150,2025-10-02,Placements,low,300
U00151,2025-12-25,CAT,low,216
U00152,2026-04-19,CAT,high,101
U00153,2026-01-29,CAT,medium,181
U00154,2026-06-18,CAT,high,41
U00155,2025-06-30,CAT,low,394
U00156,2025-08-13,Placements,high,350
U00157,2026-01-19,Placements,high,191
U00158,2026-06-06,Placements,medium,53
U00159,2025-11-08,CAT,medium,263
U00160,2025-07-28,SSC,high,366
U00161,2025-06-04,Banking,high,420
U00162,2025-06-04,CAT,medium,420
U00163,2025-11-30,Placements,medium,241
U00164,2026-06-19,Placements,medium,40
U00165,2026-05-17,Placements,medium,73
U00166,2026-01-10,Banking,low,200
U00167,2026-03-09,CAT,low,142
U00168,2026-02-05,Placements,medium,174
U00169,2025-06-22,CAT,low,402
U00170,2026-01-05,Placements,medium,205
U00171,2026-03-24,Banking,low,127
U00172,2025-06-02,Placements,low,422
U00173,2025-11-11,SSC,low,260
U00174,2026-01-23,CAT,high,187
U00175,2025-07-09,CAT,high,385
U00176,2026-07-01,CAT,low,28
U00177,2025-07-07,Banking,low,387
U00178,2025-08-31,CAT,high,332
U00179,2025-07-13,Placements,medium,381
U00180,2026-05-24,SSC,medium,66
U00181,2026-02-23,CAT,low,156
U00182,2025-07-17,CAT,low,377
U00183,2025-12-14,CAT,medium,227
U00184,2026-01-19,Banking,medium,191
U00185,2026-05-19,Placements,low,71
U00186,2026-04-03,Placements,high,117
U00187,2025-09-12,Placements,medium,320
U00188,2025-09-01,Banking,low,331
U00189,2025-10-02,CAT,medium,300
U00190,2025-12-04,Placements,medium,237
U00191,2025-09-05,CAT,high,327
U00192,2026-03-22,CAT,low,129
U00193,2025-09-26,CAT,low,306
U00194,2026-06-25,CAT,low,34
U00195,2026-05-23,Placements,high,67
U00196,2025-09-27,Placements,high,305
U00197,2025-06-09,CAT,medium,415
U00198,2026-04-19,Placements,low,101
U00199,2025-12-07,CAT,high,234
U00200,2025-10-18,CAT,low,284
U00201,2026-02-27,CAT,medium,152
U00202,2025-10-23,Placements,medium,279
U00203,2026-06-11,CAT,medium,48
U00204,2026-03-26,CAT,low,125
U00205,2026-05-25,Placements,medium,65
U00206,2025-11-11,CAT,high,260
U00207,2025-07-12,CAT,low,382
U00208,2026-01-01,Banking,medium,209
U00209,2025-11-17,CAT,high,254
U00210,2026-01-29,CAT,medium,181
U00211,2025-06-29,CAT,medium,395
U00212,2026-01-13,SSC,high,197
U00213,2026-03-25,Placements,high,126
U00214,2025-10-30,CAT,medium,272
U00215,2025-09-05,Placements,medium,327
U00216,2025-08-14,Placements,medium,349
U00217,2025-07-26,CAT,low,368
U00218,2026-05-28,Placements,low,62
U00219,2026-02-26,CAT,medium,153
U00220,2025-09-25,CAT,low,307
U00221,2025-06-17,Placements,medium,407
U00222,2025-08-15,CAT,high,348
U00223,2025-10-17,CAT,low,285
U00224,2025-08-30,CAT,low,333
U00225,2025-12-20,CAT,low,221
U00226,2026-05-16,Placements,low,74
U00227,2025-10-14,Placements,medium,288
U00228,2025-12-29,Banking,low,212
U00229,2026-06-19,CAT,low,40
U00230,2026-02-26,SSC,high,153
U00231,2025-11-19,Placements,low,252
U00232,2026-04-18,Banking,low,102
U00233,2026-05-17,Placements,low,73
U00234,2025-11-17,CAT,low,254
U00235,2026-06-14,Placements,low,45
U00236,2025-07-27,Placements,low,367
U00237,2026-03-21,Placements,low,130
U00238,2025-06-13,Placements,low,411
U00239,2025-08-13,Placements,low,350
U00240,2026-06-05,Placements,low,54
U00241,2025-06-18,Placements,low,406
U00242,2025-11-03,CAT,low,268
U00243,2025-07-06,CAT,high,388
U00244,2026-07-02,CAT,medium,27
U00245,2026-05-01,Placements,high,89
U00246,2025-07-04,Placements,low,390
U00247,2025-11-13,CAT,high,258
U00248,2026-05-30,CAT,high,60
U00249,2025-11-04,CAT,high,267
U00250,2026-03-06,Banking,low,145
U00251,2026-02-14,CAT,medium,165
U00252,2025-06-17,CAT,low,407
U00253,2026-07-04,CAT,low,25
U00254,2025-11-09,Placements,medium,262
U00255,2025-07-21,Placements,high,373
U00256,2025-06-26,Placements,high,398
U00257,2026-04-07,CAT,low,113
U00258,2025-09-22,Placements,low,310
U00259,2025-09-06,Placements,low,326
U00260,2025-10-24,CAT,high,278
U00261,2025-12-18,CAT,medium,223
U00262,2026-07-02,CAT,medium,27
U00263,2025-12-04,SSC,high,237
U00264,2026-06-06,Placements,medium,53
U00265,2025-10-05,CAT,high,297
U00266,2025-09-23,CAT,high,309
U00267,2025-12-31,CAT,low,210
U00268,2025-09-12,CAT,high,320
U00269,2026-06-27,CAT,medium,32
U00270,2025-09-30,Placements,low,302
U00271,2025-06-04,Banking,low,420
U00272,2025-11-09,Placements,medium,262
U00273,2026-02-02,CAT,medium,177
U00274,2026-05-29,Placements,medium,61
U00275,2026-07-01,Banking,medium,28
U00276,2025-12-06,Placements,high,235
U00277,2026-05-25,Placements,low,65
U00278,2025-11-02,CAT,high,269
U00279,2025-09-08,SSC,high,324
U00280,2026-01-25,Placements,high,185
U00281,2026-05-25,Placements,low,65
U00282,2025-06-28,Placements,medium,396
U00283,2025-06-02,Placements,low,422
U00284,2026-03-23,Banking,medium,128
U00285,2026-03-04,CAT,low,147
U00286,2025-10-23,CAT,high,279
U00287,2025-08-01,CAT,low,362
U00288,2025-12-25,CAT,low,216
U00289,2026-06-30,Placements,high,29
U00290,2025-10-13,CAT,medium,289
U00291,2025-09-28,Placements,low,304
U00292,2026-01-17,CAT,high,193
U00293,2026-01-16,CAT,medium,194
U00294,2025-06-17,SSC,high,407
U00295,2026-04-24,Placements,high,96
U00296,2026-04-28,CAT,medium,92
U00297,2025-08-15,CAT,low,348
U00298,2025-07-20,Placements,low,374
U00299,2026-01-23,Placements,high,187
U00300,2025-06-06,CAT,low,418
U00301,2026-06-18,CAT,low,41
U00302,2025-10-17,CAT,high,285
U00303,2026-01-12,Placements,medium,198
U00304,2025-07-02,SSC,low,392
U00305,2025-07-27,Placements,low,367
U00306,2025-09-03,Placements,high,329
U00307,2025-11-22,CAT,low,249
U00308,2026-05-27,CAT,high,63
U00309,2026-05-25,CAT,low,65
U00310,2026-04-15,Banking,medium,105
U00311,2025-08-26,Placements,high,337
U00312,2026-03-10,Placements,high,141
U00313,2026-05-15,CAT,medium,75
U00314,2025-09-23,Placements,low,309
U00315,2025-09-17,CAT,low,315
U00316,2026-04-18,SSC,medium,102
U00317,2026-03-17,Banking,medium,134
U00318,2026-06-17,Placements,low,42
U00319,2026-01-27,CAT,low,183
U00320,2025-07-18,CAT,low,376
U00321,2026-01-16,CAT,high,194
U00322,2026-04-25,CAT,medium,95
U00323,2026-03-04,CAT,low,147
U00324,2025-12-09,SSC,high,232
U00325,2025-12-12,Placements,low,229
U00326,2026-02-26,CAT,medium,153
U00327,2025-07-26,Placements,high,368
U00328,2026-01-19,Banking,low,191
U00329,2025-12-11,CAT,high,230
U00330,2026-04-06,Banking,high,114
U00331,2026-01-14,CAT,high,196
U00332,2025-12-09,CAT,low,232
U00333,2025-06-19,Banking,low,405
U00334,2025-11-29,Banking,medium,242
U00335,2026-04-06,Banking,medium,114
U00336,2025-07-19,Placements,low,375
U00337,2026-02-08,Placements,low,171
U00338,2026-06-14,CAT,low,45
U00339,2025-09-30,CAT,medium,302
U00340,2026-05-19,SSC,medium,71
U00341,2026-07-02,SSC,low,27
U00342,2026-03-16,Placements,medium,135
U00343,2025-10-01,Placements,medium,301
U00344,2025-06-16,CAT,medium,408
U00345,2026-06-26,CAT,low,33
U00346,2026-05-26,Placements,low,64
U00347,2025-07-06,Placements,medium,388
U00348,2025-06-30,Placements,low,394
U00349,2026-05-18,CAT,low,72
U00350,2025-11-25,CAT,medium,246
U00351,2026-06-05,Placements,low,54
U00352,2025-12-03,CAT,medium,238
U00353,2026-03-29,SSC,high,122
U00354,2025-07-13,CAT,high,381
U00355,2026-07-02,Placements,medium,27
U00356,2025-12-11,CAT,medium,230
U00357,2026-04-07,CAT,medium,113
U00358,2026-06-29,Placements,medium,30
U00359,2026-03-08,Placements,medium,143
U00360,2025-09-05,CAT,high,327
U00361,2025-10-05,CAT,low,297
U00362,2026-06-03,Placements,low,56
U00363,2026-04-30,Placements,low,90
U00364,2025-07-08,CAT,medium,386
U00365,2026-02-05,CAT,medium,174
U00366,2026-03-29,Placements,medium,122
U00367,2025-09-17,Banking,low,315
U00368,2025-12-10,Banking,medium,231
U00369,2025-10-26,Placements,low,276
U00370,2026-04-26,SSC,low,94
U00371,2026-02-11,CAT,medium,168
U00372,2025-06-15,CAT,high,409
U00373,2026-02-21,CAT,high,158
U00374,2026-04-05,Placements,low,115
U00375,2026-06-01,CAT,low,58
U00376,2025-10-10,SSC,medium,292
U00377,2026-06-06,CAT,low,53
U00378,2025-11-01,Placements,high,270
U00379,2025-06-23,Placements,medium,401
U00380,2025-12-15,Banking,medium,226
U00381,2025-11-27,Banking,low,244
U00382,2026-05-27,CAT,medium,63
U00383,2026-06-03,Placements,low,56
U00384,2026-04-19,CAT,medium,101
U00385,2025-10-30,Placements,medium,272
U00386,2025-11-29,CAT,high,242
U00387,2025-08-16,Placements,high,347
U00388,2026-06-14,CAT,medium,45
U00389,2025-11-19,Placements,low,252
U00390,2026-03-20,CAT,medium,131
U00391,2025-09-12,Placements,low,320
U00392,2025-12-06,CAT,high,235
U00393,2026-01-26,Placements,medium,184
U00394,2025-06-11,Placements,medium,413
U00395,2026-05-06,Placements,low,84
U00396,2026-02-10,CAT,high,169
U00397,2025-12-13,SSC,low,228
U00398,2025-12-06,SSC,high,235
U00399,2025-06-04,CAT,high,420
U00400,2026-03-23,Placements,low,128
U00401,2025-10-12,CAT,low,290
U00402,2025-12-18,CAT,medium,223
U00403,2025-09-01,Placements,low,331
U00404,2025-06-07,SSC,low,417
U00405,2026-01-27,CAT,medium,183
U00406,2026-03-03,CAT,high,148
U00407,2026-04-28,CAT,medium,92
U00408,2025-11-12,Placements,high,259
U00409,2026-01-04,Placements,medium,206
U00410,2025-08-15,Placements,low,348
U00411,2026-05-01,CAT,medium,89
U00412,2026-06-05,CAT,low,54
U00413,2025-09-02,CAT,low,330
U00414,2026-01-17,Placements,medium,193
U00415,2025-07-27,Banking,medium,367
U00416,2026-03-25,CAT,low,126
U00417,2026-05-05,CAT,low,85
U00418,2025-08-21,SSC,high,342
U00419,2025-12-28,Placements,medium,213
U00420,2025-06-14,CAT,medium,410
U00421,2026-06-25,Placements,high,34
U00422,2025-08-05,Placements,high,358
U00423,2026-04-20,Banking,low,100
U00424,2026-05-03,Placements,high,87
U00425,2025-12-14,Placements,medium,227
U00426,2026-06-14,Placements,low,45
U00427,2025-07-04,Placements,low,390
U00428,2025-08-02,SSC,low,361
U00429,2026-03-15,Placements,medium,136
U00430,2026-01-10,Placements,low,200
U00431,2026-02-18,CAT,low,161
U00432,2025-06-11,Placements,medium,413
U00433,2026-06-14,Placements,medium,45
U00434,2025-07-31,Banking,low,363
U00435,2025-06-14,Placements,high,410
U00436,2026-04-07,CAT,medium,113
U00437,2025-09-21,CAT,medium,311
U00438,2026-01-10,Placements,low,200
U00439,2025-06-02,CAT,high,422
U00440,2026-03-28,SSC,high,123
U00441,2026-04-29,SSC,low,91
U00442,2025-07-05,SSC,medium,389
U00443,2026-03-29,Placements,medium,122
U00444,2025-10-21,CAT,medium,281
U00445,2026-03-20,CAT,medium,131
U00446,2025-06-02,CAT,high,422
U00447,2026-03-12,CAT,medium,139
U00448,2025-07-05,Banking,medium,389
U00449,2026-05-01,Banking,medium,89
U00450,2026-01-26,CAT,medium,184
U00451,2025-06-26,CAT,medium,398
U00452,2025-06-26,Placements,medium,398
U00453,2025-09-09,Placements,low,323
U00454,2025-08-09,Placements,high,354
U00455,2026-02-11,CAT,medium,168
U00456,2026-05-20,SSC,medium,70
U00457,2025-12-25,SSC,medium,216
U00458,2026-05-08,SSC,high,82
U00459,2025-08-26,Placements,high,337
U00460,2026-02-26,CAT,medium,153
U00461,2025-06-13,CAT,medium,411
U00462,2025-11-24,CAT,low,247
U00463,2026-05-09,CAT,low,81
U00464,2026-05-08,CAT,low,82
U00465,2026-05-20,CAT,medium,70
U00466,2026-02-24,CAT,low,155
U00467,2026-01-23,Placements,low,187
U00468,2026-01-25,Placements,high,185
U00469,2026-02-07,CAT,medium,172
U00470,2026-02-09,CAT,high,170
U00471,2025-06-26,Banking,medium,398
U00472,2025-07-14,Placements,low,380
U00473,2025-10-21,CAT,medium,281
U00474,2026-05-10,CAT,low,80
U00475,2026-03-29,Placements,low,122
U00476,2026-01-24,Placements,high,186
U00477,2025-08-08,CAT,high,355
U00478,2026-05-24,Placements,medium,66
U00479,2025-12-15,Placements,medium,226
U00480,2026-02-15,CAT,medium,164
U00481,2025-08-06,CAT,high,357
U00482,2025-07-22,CAT,medium,372
U00483,2025-07-24,Placements,high,370
U00484,2026-03-16,Placements,high,135
U00485,2025-11-19,CAT,medium,252
U00486,2026-01-05,Banking,medium,205
U00487,2026-04-28,Placements,high,92
U00488,2026-05-02,Banking,low,88
U00489,2026-07-01,SSC,high,28
U00490,2026-06-12,CAT,medium,47
U00491,2026-04-04,Placements,low,116
U00492,2025-12-23,Placements,medium,218
U00493,2025-11-04,CAT,high,267
U00494,2026-01-09,Placements,high,201
U00495,2025-06-15,CAT,high,409
U00496,2026-02-07,CAT,high,172
U00497,2026-01-17,CAT,medium,193
U00498,2025-09-12,CAT,medium,320
U00499,2026-04-22,CAT,medium,98
U00500,2025-11-10,Banking,low,261
U00501,2026-04-01,CAT,high,119
U00502,2025-12-03,CAT,low,238
U00503,2025-12-17,CAT,medium,224
U00504,2026-05-23,Placements,low,67
U00505,2026-03-16,Banking,high,135
U00506,2026-05-18,Placements,low,72
U00507,2025-07-28,CAT,medium,366
U00508,2026-03-31,CAT,medium,120
U00509,2025-08-25,Placements,low,338
U00510,2025-08-16,CAT,high,347
U00511,2025-06-19,SSC,low,405
U00512,2025-11-29,Placements,high,242
U00513,2025-08-01,Placements,low,362
U00514,2025-09-13,Placements,high,319
U00515,2025-12-06,Placements,medium,235
U00516,2025-12-23,CAT,low,218
U00517,2025-10-01,Placements,low,301
U00518,2026-06-09,CAT,low,50
U00519,2026-03-19,Placements,low,132
U00520,2026-06-14,CAT,low,45
U00521,2026-05-06,Placements,medium,84
U00522,2026-01-22,CAT,low,188
U00523,2025-10-23,Banking,medium,279
U00524,2026-06-10,Placements,low,49
U00525,2026-02-27,CAT,medium,152
U00526,2026-07-06,CAT,low,23
U00527,2026-05-10,Placements,medium,80
U00528,2026-04-09,Placements,high,111
U00529,2025-08-29,Placements,medium,334
U00530,2025-11-28,CAT,low,243
U00531,2025-06-23,CAT,medium,401
U00532,2025-06-25,Placements,low,399
U00533,2026-02-09,CAT,high,170
U00534,2025-11-30,CAT,high,241
U00535,2025-07-25,CAT,low,369
U00536,2026-01-04,Placements,high,206
U00537,2026-01-26,Placements,high,184
U00538,2026-06-18,SSC,medium,41
U00539,2025-10-15,SSC,low,287
U00540,2026-06-05,Placements,low,54
U00541,2026-02-24,Placements,low,155
U00542,2025-12-31,Placements,medium,210
U00543,2026-04-24,CAT,medium,96
U00544,2026-01-29,Banking,high,181
U00545,2025-09-05,Placements,low,327
U00546,2025-12-03,Placements,low,238
U00547,2026-03-05,CAT,low,146
U00548,2025-08-01,CAT,low,362
U00549,2026-03-10,Placements,low,141
U00550,2025-08-06,CAT,low,357
U00551,2026-06-10,Placements,medium,49
U00552,2025-07-28,Placements,medium,366
U00553,2026-02-06,Placements,high,173
U00554,2026-06-08,Banking,low,51
U00555,2026-02-10,CAT,high,169
U00556,2025-10-13,Banking,high,289
U00557,2026-02-16,CAT,low,163
U00558,2026-01-17,Placements,low,193
U00559,2025-10-23,CAT,high,279
U00560,2026-02-11,CAT,medium,168
U00561,2026-01-17,Banking,low,193
U00562,2026-04-07,Banking,medium,113
U00563,2025-10-01,Placements,medium,301
U00564,2025-12-09,CAT,low,232
U00565,2026-04-11,Banking,high,109
U00566,2026-04-15,CAT,low,105
U00567,2026-05-08,CAT,high,82
U00568,2026-05-14,SSC,low,76
U00569,2025-11-18,Placements,high,253
U00570,2026-05-02,Placements,high,88
U00571,2026-03-09,Placements,high,142
U00572,2025-11-05,CAT,medium,266
U00573,2025-09-19,SSC,medium,313
U00574,2026-03-02,SSC,low,149
U00575,2025-09-29,SSC,medium,303
U00576,2025-12-08,CAT,low,233
U00577,2025-12-15,SSC,low,226
U00578,2026-04-06,Banking,high,114
U00579,2026-03-24,Placements,medium,127
U00580,2026-03-30,Placements,low,121
U00581,2026-01-27,Banking,medium,183
U00582,2026-06-20,CAT,low,39
U00583,2025-08-03,CAT,low,360
U00584,2025-08-30,Placements,medium,333
U00585,2025-11-27,CAT,low,244
U00586,2025-08-14,Placements,medium,349
U00587,2026-07-01,CAT,medium,28
U00588,2025-06-19,CAT,high,405
U00589,2025-07-12,SSC,high,382
U00590,2026-04-10,SSC,medium,110
U00591,2025-09-11,Placements,low,321
U00592,2025-07-02,Placements,high,392
U00593,2026-05-23,CAT,medium,67
U00594,2025-12-12,SSC,medium,229
U00595,2025-10-09,CAT,medium,293
U00596,2026-01-05,Banking,medium,205
U00597,2026-04-24,Banking,medium,96
U00598,2026-03-23,CAT,high,128
U00599,2025-08-03,CAT,high,360
U00600,2025-08-16,SSC,high,347
